{
  "parent": "minecraft:item/generated",
  "textures": {
    "layer0": "minecraft:item/book"
  },

  "overrides": [
    {"predicate": {"custom_model_data":1}, "model": "minecraft:item/common/phone"},
    {"predicate": {"custom_model_data":2}, "model": "minecraft:item/common/coin"},
    {"predicate": {"custom_model_data":3}, "model": "minecraft:item/common/ok"},
    {"predicate": {"custom_model_data":4}, "model": "minecraft:item/common/cancel"},
    {"predicate": {"custom_model_data":5}, "model": "minecraft:item/common/warning"},
    {"predicate": {"custom_model_data":50}, "model": "minecraft:item/app/pay"},
    {"predicate": {"custom_model_data":51}, "model": "minecraft:item/app/store"},
    {"predicate": {"custom_model_data":52}, "model": "minecraft:item/app/buy"},
    {"predicate": {"custom_model_data":53}, "model": "minecraft:item/app/report"}
  ]
}