{
  "parent": "minecraft:item/generated",
  "textures": {
    "layer0": "minecraft:item/feather"
  },

  "overrides": [
    {"predicate": {"custom_model_data":1}, "model": "pointblank:item/aa12"},
    {"predicate": {"custom_model_data":2}, "model": "pointblank:item/ak12"},
    {"predicate": {"custom_model_data":3}, "model": "pointblank:item/ak47"},
    {"predicate": {"custom_model_data":4}, "model": "pointblank:item/ak74"},
    {"predicate": {"custom_model_data":5}, "model": "pointblank:item/an94"},
    {"predicate": {"custom_model_data":6}, "model": "pointblank:item/ar57"},
    {"predicate": {"custom_model_data":7}, "model": "pointblank:item/at4"},
    {"predicate": {"custom_model_data":8}, "model": "pointblank:item/aug"},
    {"predicate": {"custom_model_data":9}, "model": "pointblank:item/aughbar"},
    {"predicate": {"custom_model_data":10}, "model": "pointblank:item/ballista"},
    {"predicate": {"custom_model_data":11}, "model": "pointblank:item/bullet"},
    {"predicate": {"custom_model_data":12}, "model": "pointblank:item/c14"},
    {"predicate": {"custom_model_data":13}, "model": "pointblank:item/citoricxs"},
    {"predicate": {"custom_model_data":14}, "model": "pointblank:item/deserteagle"},
    {"predicate": {"custom_model_data":15}, "model": "pointblank:item/g3"},
    {"predicate": {"custom_model_data":16}, "model": "pointblank:item/g36c"},
    {"predicate": {"custom_model_data":17}, "model": "pointblank:item/g36k"},
    {"predicate": {"custom_model_data":18}, "model": "pointblank:item/g41"},
    {"predicate": {"custom_model_data":19}, "model": "pointblank:item/glock17"},
    {"predicate": {"custom_model_data":20}, "model": "pointblank:item/glock18"},
    {"predicate": {"custom_model_data":21}, "model": "pointblank:item/gm6lynx"},
    {"predicate": {"custom_model_data":22}, "model": "pointblank:item/hk416"},
    {"predicate": {"custom_model_data":23}, "model": "pointblank:item/hs12"},
    {"predicate": {"custom_model_data":24}, "model": "pointblank:item/javelin"},
    {"predicate": {"custom_model_data":25}, "model": "pointblank:item/l96a1"},
    {"predicate": {"custom_model_data":26}, "model": "pointblank:item/lamg"},
    {"predicate": {"custom_model_data":27}, "model": "pointblank:item/m1014"},
    {"predicate": {"custom_model_data":28}, "model": "pointblank:item/m134minigun"},
    {"predicate": {"custom_model_data":29}, "model": "pointblank:item/m16a1"},
    {"predicate": {"custom_model_data":30}, "model": "pointblank:item/m1911a1"},
    {"predicate": {"custom_model_data":31}, "model": "pointblank:item/m249"},
    {"predicate": {"custom_model_data":32}, "model": "pointblank:item/m32mgl"},
    {"predicate": {"custom_model_data":33}, "model": "pointblank:item/m4a1"},
    {"predicate": {"custom_model_data":34}, "model": "pointblank:item/m4a1mod1"},
    {"predicate": {"custom_model_data":35}, "model": "pointblank:item/m4a1_new"},
    {"predicate": {"custom_model_data":36}, "model": "pointblank:item/m4sopmodii"},
    {"predicate": {"custom_model_data":37}, "model": "pointblank:item/m590"},
    {"predicate": {"custom_model_data":38}, "model": "pointblank:item/m870"},
    {"predicate": {"custom_model_data":39}, "model": "pointblank:item/m9"},
    {"predicate": {"custom_model_data":40}, "model": "pointblank:item/m950"},
    {"predicate": {"custom_model_data":41}, "model": "pointblank:item/mk14ebr"},
    {"predicate": {"custom_model_data":42}, "model": "pointblank:item/mk23"},
    {"predicate": {"custom_model_data":43}, "model": "pointblank:item/mk48"},
    {"predicate": {"custom_model_data":44}, "model": "pointblank:item/mp5"},
    {"predicate": {"custom_model_data":45}, "model": "pointblank:item/mp7"},
    {"predicate": {"custom_model_data":46}, "model": "pointblank:item/mp7a2devgru"},
    {"predicate": {"custom_model_data":47}, "model": "pointblank:item/p30l"},
    {"predicate": {"custom_model_data":48}, "model": "pointblank:item/p90"},
    {"predicate": {"custom_model_data":49}, "model": "pointblank:item/rhino"},
    {"predicate": {"custom_model_data":50}, "model": "pointblank:item/ro635"},
    {"predicate": {"custom_model_data":51}, "model": "pointblank:item/scarl"},
    {"predicate": {"custom_model_data":52}, "model": "pointblank:item/sl8"},
    {"predicate": {"custom_model_data":53}, "model": "pointblank:item/smaw"},
    {"predicate": {"custom_model_data":51}, "model": "pointblank:item/spas12"},
    {"predicate": {"custom_model_data":55}, "model": "pointblank:item/star15"},
    {"predicate": {"custom_model_data":56}, "model": "pointblank:item/tmp"},
    {"predicate": {"custom_model_data":57}, "model": "pointblank:item/tti_viper"},
    {"predicate": {"custom_model_data":58}, "model": "pointblank:item/uar10"},
    {"predicate": {"custom_model_data":59}, "model": "pointblank:item/ump45"},
    {"predicate": {"custom_model_data":60}, "model": "pointblank:item/vector"},
    {"predicate": {"custom_model_data":61}, "model": "pointblank:item/wa2000"},
    {"predicate": {"custom_model_data":62}, "model": "pointblank:item/xm29"},
    {"predicate": {"custom_model_data":63}, "model": "pointblank:item/xm3"},
    {"predicate": {"custom_model_data":64}, "model": "pointblank:item/xm7"}
  ]
}