{
  "parent": "minecraft:item/generated",
  "textures": {
    "layer0": "minecraft:item/tnt"
  },

  "overrides": [
    {"predicate": {"custom_model_data":1}, "model": "pointblank:item/ammo12gauge"},
    {"predicate": {"custom_model_data":2}, "model": "pointblank:item/ammo338lapua"},
    {"predicate": {"custom_model_data":3}, "model": "pointblank:item/ammo357"},
    {"predicate": {"custom_model_data":4}, "model": "pointblank:item/ammo45acp"},
    {"predicate": {"custom_model_data":5}, "model": "pointblank:item/ammo46"},
    {"predicate": {"custom_model_data":6}, "model": "pointblank:item/ammo50ae"},
    {"predicate": {"custom_model_data":7}, "model": "pointblank:item/ammo50bmg"},
    {"predicate": {"custom_model_data":8}, "model": "pointblank:item/ammo545"},
    {"predicate": {"custom_model_data":9}, "model": "pointblank:item/ammo556"},
    {"predicate": {"custom_model_data":10}, "model": "pointblank:item/ammo57"},
    {"predicate": {"custom_model_data":11}, "model": "pointblank:item/ammo68"},
    {"predicate": {"custom_model_data":12}, "model": "pointblank:item/ammo762"},
    {"predicate": {"custom_model_data":13}, "model": "pointblank:item/ammo762x51"},
    {"predicate": {"custom_model_data":15}, "model": "pointblank:item/ammo9mm"},
    {"predicate": {"custom_model_data":16}, "model": "pointblank:item/ammocreative"},
    {"predicate": {"custom_model_data":17}, "model": "pointblank:item/ammolasercharge"}
  ]
}